,,,,,,,,,,,,,,,,,,,,,,,,,,,,,,,,,,,,,,,,,,,,,,,,,,,,,,,,,,,,,,,,,,,,,,,,,,,,,,,,,,,,,,,,,,,,,,,,,,,,,,,,,,,,,,,,,,,,,,,,,,,,,
"Serie 1.1.2D
Número de defunciones en el año (t+1) por edades simples (De 1 a 120 años) a nivel nacional
Periodo 1990 - 2021",,,,,,,,,,,,,,,,,,,,,,,,,,,,,,,,,,,,,,,,,,,,,,,,,,,,,,,,,,,,,,,,,,,,,,,,,,,,,,,,,,,,,,,,,,,,,,,,,,,,,,,,,,,,,,,,,,,,,,,,,,,,,
Años,Total defunciones (t+1)1/,Años,,,,,,,,,,,,,,,,,,,,,,,,,,,,,,,,,,,,,,,,,,,,,,,,,,,,,,,,,,,,,,,,,,,,,,,,,,,,,,,,,,,,,,,,,,,,,,,,,,,,,,,,,,,,,,,,,,,,,,,,,,,
,,1,2,3,4,5,6,7,8,9,10,11,12,13,14,15,16,17,18,19,20,21,22,23,24,25,26,27,28,29,30,31,32,33,34,35,36,37,38,39,40,41,42,43,44,45,46,47,48,49,50,51,52,53,54,55,56,57,58,59,60,61,62,63,64,65,66,67,68,69,70,71,72,73,74,75,76,77,78,79,80,81,82,83,84,85,86,87,88,89,90,91,92,93,94,95,96,97,98,99,100,101,102,103,104,105,106,107,108,109,110,111,112,113,114,115,116,117,118,119,120,Sin información,,INDICE,
1990,"42,244"," 1,984 ", 710 , 389 , 293 , 244 , 183 , 169 , 181 , 158 , 150 , 156 , 178 , 182 , 167 , 167 , 237 , 237 , 289 , 293 , 305 , 295 , 338 , 304 , 339 , 291 , 279 , 268 , 295 , 263 , 333 , 259 , 300 , 283 , 273 , 317 , 266 , 316 , 328 , 301 , 354 , 250 , 328 , 296 , 310 , 370 , 305 , 324 , 337 , 299 , 425 , 320 , 392 , 344 , 419 , 465 , 412 , 397 , 439 , 443 , 693 , 445 , 502 , 474 , 518 , 694 , 496 , 539 , 591 , 588 , 924 , 529 , 663 , 638 , 645 ," 1,017 ", 673 , 613 , 750 , 722 ," 1,172 ", 626 , 695 , 617 , 621 , 955 , 571 , 516 , 505 , 449 , 902 , 215 , 239 , 164 , 156 , 328 , 131 , 101 , 91 , 653 , - , - , - , - , - , - , - , - , - , - , - , - , - , - , - , - , - , - , - , - , - , 274 ,,,
1991,"45,881"," 1,906 ", 694 , 441 , 316 , 232 , 212 , 205 , 184 , 152 , 196 , 172 , 157 , 174 , 186 , 217 , 261 , 263 , 283 , 313 , 333 , 314 , 333 , 304 , 336 , 324 , 307 , 302 , 344 , 311 , 352 , 270 , 310 , 302 , 302 , 352 , 300 , 330 , 363 , 295 , 368 , 323 , 345 , 327 , 376 , 432 , 342 , 322 , 390 , 312 , 455 , 399 , 430 , 394 , 399 , 485 , 452 , 447 , 547 , 423 , 717 , 563 , 571 , 544 , 542 , 762 , 585 , 625 , 611 , 549 , 970 , 654 , 662 , 668 , 763 ," 1,051 ", 774 , 733 , 802 , 751 ," 1,283 ", 868 , 744 , 738 , 687 , 976 , 678 , 570 , 536 , 479 , 870 , 475 , 245 , 235 , 167 , 308 , 177 , 96 , 104 , 627 , - , - , - , - , - , - , - , - , - , - , - , - , - , - , - , - , - , - , - , - , - , 205 ,,,
1992,"46,104"," 1,978 ", 723 , 441 , 284 , 247 , 200 , 193 , 175 , 155 , 175 , 152 , 192 , 161 , 180 , 174 , 249 , 255 , 330 , 302 , 311 , 340 , 342 , 325 , 315 , 375 , 346 , 320 , 359 , 297 , 331 , 321 , 343 , 297 , 334 , 330 , 335 , 342 , 350 , 353 , 376 , 326 , 358 , 317 , 309 , 407 , 363 , 340 , 356 , 322 , 443 , 358 , 430 , 398 , 423 , 482 , 454 , 440 , 471 , 468 , 647 , 520 , 601 , 589 , 603 , 690 , 632 , 623 , 645 , 675 , 934 , 673 , 760 , 636 , 700 , 967 , 745 , 744 , 774 , 751 ," 1,086 ", 790 , 940 , 756 , 762 , 879 , 669 , 601 , 505 , 496 , 766 , 425 , 493 , 209 , 189 , 274 , 171 , 131 , 109 , 605 , - , - , - , - , - , - , - , - , - , - , - , - , - , - , - , - , - , - , - , - , - , 266 ,,,
1993,"45,447"," 1,626 ", 617 , 379 , 264 , 245 , 187 , 141 , 164 , 146 , 165 , 144 , 185 , 165 , 203 , 218 , 253 , 270 , 299 , 273 , 329 , 290 , 394 , 337 , 333 , 318 , 369 , 335 , 356 , 328 , 396 , 311 , 328 , 355 , 337 , 332 , 309 , 338 , 356 , 347 , 372 , 281 , 374 , 335 , 294 , 377 , 345 , 346 , 385 , 358 , 398 , 375 , 420 , 424 , 393 , 467 , 431 , 530 , 418 , 471 , 603 , 490 , 608 , 575 , 604 , 732 , 563 , 566 , 647 , 575 , 840 , 606 , 701 , 712 , 705 , 888 , 729 , 720 , 848 , 777 ," 1,165 ", 746 , 846 , 916 , 776 , 933 , 655 , 601 , 590 , 516 , 772 , 392 , 457 , 393 , 192 , 276 , 176 , 107 , 118 , 555 , - , - , - , - , - , - , - , - , - , - , - , - , - , - , - , - , - , - , - , - , - , 240 ,,,
1994,"45,040"," 1,545 ", 606 , 346 , 254 , 211 , 168 , 149 , 154 , 139 , 142 , 108 , 141 , 164 , 180 , 189 , 239 , 256 , 258 , 259 , 280 , 364 , 341 , 321 , 354 , 350 , 326 , 311 , 353 , 350 , 358 , 298 , 346 , 344 , 337 , 345 , 323 , 351 , 315 , 362 , 368 , 307 , 346 , 331 , 362 , 433 , 353 , 364 , 388 , 377 , 408 , 361 , 364 , 434 , 466 , 449 , 459 , 446 , 495 , 498 , 596 , 476 , 537 , 534 , 639 , 687 , 591 , 576 , 667 , 612 , 906 , 615 , 738 , 668 , 738 , 867 , 732 , 742 , 845 , 767 ," 1,132 ", 765 , 781 , 784 , 934 , 956 , 710 , 605 , 534 , 520 , 759 , 403 , 357 , 214 , 505 , 242 , 131 , 91 , 105 , 409 , - , - , - , - , - , - , - , - , - , - , - , - , - , - , - , - , - , - , - , - , - , 324 ,,,
1995,"45,334"," 1,603 ", 525 , 334 , 239 , 216 , 158 , 176 , 146 , 125 , 123 , 111 , 135 , 166 , 177 , 253 , 243 , 288 , 349 , 313 , 348 , 335 , 357 , 348 , 332 , 368 , 327 , 331 , 351 , 337 , 371 , 314 , 343 , 318 , 306 , 360 , 339 , 306 , 344 , 336 , 380 , 317 , 353 , 349 , 349 , 390 , 346 , 373 , 373 , 340 , 446 , 374 , 387 , 379 , 409 , 480 , 406 , 457 , 472 , 460 , 636 , 521 , 506 , 592 , 594 , 729 , 571 , 635 , 627 , 619 , 828 , 637 , 723 , 761 , 732 , 928 , 692 , 736 , 769 , 786 ," 1,052 ", 852 , 758 , 797 , 804 ," 1,062 ", 743 , 662 , 580 , 525 , 742 , 425 , 329 , 350 , 202 , 499 , 231 , 114 , 95 , 435 , - , - , - , - , - , - , - , - , - , - , - , - , - , - , - , - , - , - , - , - , - , 164 ,,,
1996,"46,949"," 1,326 ", 530 , 276 , 206 , 163 , 176 , 160 , 155 , 119 , 117 , 125 , 137 , 163 , 181 , 219 , 261 , 280 , 310 , 351 , 359 , 288 , 348 , 330 , 362 , 358 , 368 , 338 , 337 , 336 , 339 , 340 , 368 , 321 , 324 , 380 , 320 , 327 , 362 , 333 , 378 , 338 , 356 , 366 , 370 , 390 , 368 , 372 , 423 , 393 , 456 , 417 , 424 , 431 , 426 , 447 , 491 , 470 , 483 , 532 , 660 , 479 , 572 , 559 , 569 , 721 , 744 , 648 , 685 , 718 , 796 , 743 , 673 , 717 , 789 , 927 , 839 , 732 , 843 , 815 ," 1,088 ", 873 , 798 , 814 , 805 ," 1,033 "," 1,027 ", 750 , 654 , 575 , 732 , 471 , 432 , 353 , 349 , 280 , 436 , 101 , 92 , 475 , - , - , - , - , - , - , - , - , - , - , - , - , - , - , - , - , - , - , - , - , - , 158 ,,,
1997,"46,626"," 1,391 ", 590 , 311 , 222 , 156 , 131 , 133 , 131 , 140 , 145 , 153 , 158 , 147 , 193 , 225 , 240 , 289 , 310 , 317 , 344 , 316 , 312 , 335 , 330 , 364 , 330 , 335 , 343 , 310 , 350 , 321 , 299 , 396 , 341 , 336 , 347 , 368 , 339 , 339 , 376 , 327 , 369 , 357 , 339 , 378 , 373 , 338 , 366 , 427 , 457 , 426 , 427 , 420 , 409 , 472 , 469 , 476 , 484 , 464 , 637 , 515 , 582 , 584 , 619 , 701 , 689 , 679 , 705 , 670 , 781 , 699 , 747 , 713 , 777 , 950 , 799 , 794 , 802 , 776 ," 1,034 ", 860 , 908 , 842 , 857 , 963 , 786 , 818 , 707 , 578 , 738 , 437 , 424 , 360 , 336 , 335 , 172 , 450 , 77 , 314 , - , - , - , - , - , - , - , - , - , - , - , - , - , - , - , - , - , - , - , - , - , 120 ,,,
1998,"49,171"," 1,361 ", 516 , 314 , 229 , 187 , 159 , 129 , 144 , 132 , 120 , 127 , 186 , 149 , 176 , 221 , 242 , 302 , 328 , 368 , 407 , 351 , 368 , 388 , 375 , 355 , 385 , 372 , 380 , 338 , 390 , 321 , 351 , 365 , 337 , 379 , 363 , 343 , 405 , 372 , 407 , 344 , 386 , 390 , 404 , 406 , 353 , 416 , 465 , 402 , 426 , 401 , 426 , 432 , 436 , 444 , 475 , 491 , 506 , 494 , 642 , 542 , 599 , 610 , 658 , 708 , 699 , 710 , 794 , 705 , 834 , 706 , 745 , 832 , 827 , 957 , 875 , 868 , 909 , 809 ," 1,076 ", 862 , 904 , 901 , 902 , 995 , 808 , 777 , 833 , 671 , 814 , 490 , 490 , 430 , 340 , 378 , 264 , 118 , 490 , 248 , - , - , - , - , - , - , - , - , - , - , - , - , - , - , - , - , - , - , - , - , - , 112 ,,,
1999,"50,549"," 1,073 ", 495 , 273 , 253 , 170 , 178 , 163 , 140 , 130 , 124 , 114 , 139 , 147 , 183 , 197 , 258 , 294 , 319 , 329 , 328 , 383 , 368 , 361 , 409 , 371 , 366 , 349 , 388 , 316 , 370 , 351 , 359 , 364 , 346 , 362 , 399 , 345 , 392 , 397 , 380 , 365 , 380 , 400 , 394 , 419 , 407 , 406 , 463 , 456 , 478 , 404 , 440 , 486 , 485 , 522 , 497 , 481 , 581 , 513 , 599 , 564 , 591 , 711 , 674 , 778 , 669 , 679 , 760 , 836 , 917 , 807 , 769 , 812 , 900 , 990 , 850 , 947 , 964 , 892 ," 1,047 ", 872 , 987 , 993 , 990 ," 1,069 ", 858 , 807 , 783 , 772 , 917 , 567 , 493 , 416 , 413 , 359 , 259 , 203 , 148 , 534 , - , - , - , - , - , - , - , - , - , - , - , - , - , - , - , - , - , - , - , - , - , 93 ,,,
2000,"50,940"," 1,105 ", 475 , 278 , 211 , 170 , 168 , 121 , 140 , 131 , 130 , 122 , 145 , 165 , 182 , 181 , 223 , 261 , 341 , 347 , 385 , 377 , 413 , 352 , 390 , 368 , 378 , 337 , 373 , 361 , 383 , 335 , 350 , 369 , 356 , 349 , 363 , 407 , 379 , 366 , 449 , 359 , 384 , 391 , 374 , 426 , 405 , 439 , 440 , 426 , 488 , 440 , 487 , 485 , 520 , 530 , 507 , 472 , 536 , 550 , 578 , 585 , 613 , 627 , 696 , 740 , 666 , 690 , 766 , 803 ," 1,009 ", 847 , 848 , 841 , 900 ," 1,036 ", 902 , 815 , 979 , 919 ," 1,123 ", 827 , 936 , 921 , 969 ," 1,045 ", 960 , 814 , 815 , 797 , 893 , 605 , 481 , 442 , 373 , 414 , 235 , 202 , 117 , 616 , - , - , - , - , - , - , - , - , - , - , - , - , - , - , - , - , - , - , - , - , - , 100 ,,,
2001,"50,414"," 1,169 ", 480 , 249 , 212 , 168 , 148 , 165 , 116 , 131 , 134 , 137 , 146 , 151 , 153 , 197 , 258 , 309 , 331 , 356 , 380 , 365 , 398 , 364 , 321 , 387 , 368 , 343 , 366 , 322 , 366 , 341 , 347 , 356 , 298 , 350 , 366 , 337 , 362 , 372 , 381 , 366 , 382 , 395 , 374 , 412 , 447 , 383 , 447 , 392 , 526 , 465 , 457 , 495 , 478 , 564 , 517 , 481 , 497 , 532 , 614 , 563 , 577 , 616 , 681 , 798 , 669 , 701 , 769 , 746 , 939 , 865 , 891 , 846 , 865 ," 1,012 ", 963 , 900 , 952 , 926 ," 1,084 ", 927 , 875 , 930 , 925 ," 1,007 ", 896 , 811 , 779 , 677 , 814 , 664 , 545 , 481 , 355 , 391 , 290 , 218 , 114 , 569 , - , - , - , - , - , - , - , - , - , - , - , - , - , - , - , - , - , - , - , - , - , 59 ,,,
2002,"51,019"," 1,071 ", 474 , 281 , 206 , 166 , 141 , 149 , 146 , 134 , 128 , 116 , 157 , 151 , 169 , 200 , 244 , 298 , 298 , 319 , 330 , 390 , 411 , 404 , 356 , 357 , 347 , 351 , 365 , 289 , 350 , 320 , 350 , 345 , 347 , 362 , 371 , 369 , 376 , 403 , 385 , 363 , 404 , 379 , 386 , 401 , 427 , 427 , 436 , 413 , 437 , 441 , 510 , 484 , 494 , 578 , 520 , 554 , 547 , 536 , 614 , 578 , 665 , 604 , 678 , 730 , 738 , 719 , 745 , 762 , 847 , 834 , 950 , 871 , 947 , 938 , 930 , 935 , 879 , 942 ," 1,089 ", 910 , 952 , 897 , 936 ," 1,062 ", 943 , 873 , 856 , 731 , 770 , 660 , 656 , 480 , 405 , 386 , 270 , 248 , 129 , 626 , - , - , - , - , - , - , - , - , - , - , - , - , - , - , - , - , - , - , - , - , - , 71 ,,,
2003,"49,536", 918 , 424 , 274 , 184 , 142 , 115 , 129 , 124 , 128 , 136 , 104 , 150 , 157 , 179 , 196 , 222 , 263 , 287 , 314 , 316 , 335 , 362 , 367 , 355 , 329 , 317 , 344 , 344 , 341 , 339 , 302 , 335 , 298 , 327 , 294 , 359 , 298 , 341 , 342 , 366 , 375 , 424 , 390 , 423 , 432 , 464 , 395 , 437 , 456 , 513 , 405 , 487 , 512 , 486 , 533 , 508 , 512 , 560 , 555 , 627 , 544 , 566 , 631 , 614 , 719 , 652 , 735 , 687 , 732 , 805 , 797 , 903 , 903 , 918 , 977 , 836 , 940 , 954 , 948 ," 1,069 ", 865 , 974 , 939 , 826 , 976 , 867 , 915 , 883 , 780 , 751 , 612 , 645 , 541 , 406 , 387 , 291 , 242 , 123 , 575 , - , - , - , - , - , - , - , - , - , - , - , - , - , - , - , - , - , - , - , - , - , 57 ,,,
2004,"50,787", 769 , 423 , 207 , 196 , 143 , 130 , 157 , 113 , 116 , 87 , 131 , 133 , 158 , 159 , 199 , 207 , 252 , 293 , 312 , 368 , 314 , 392 , 371 , 372 , 327 , 376 , 360 , 338 , 304 , 342 , 320 , 371 , 356 , 336 , 333 , 321 , 328 , 352 , 360 , 390 , 338 , 374 , 382 , 406 , 442 , 399 , 450 , 422 , 470 , 478 , 475 , 480 , 518 , 523 , 472 , 552 , 562 , 573 , 554 , 626 , 586 , 613 , 615 , 669 , 662 , 652 , 717 , 809 , 729 , 829 , 772 , 863 , 959 , 946 ," 1,051 ", 911 , 891 , 999 ," 1,003 "," 1,075 ", 965 ," 1,030 "," 1,060 ", 952 , 971 , 982 , 915 , 842 , 803 , 834 , 624 , 612 , 545 , 490 , 425 , 344 , 218 , 336 , 423 , - , - , - , - , - , - , - , - , - , - , - , - , - , - , - , - , - , - , - , - , - , 53 ,,,
2005,"53,108", 709 , 328 , 200 , 194 , 152 , 151 , 120 , 125 , 105 , 97 , 132 , 143 , 142 , 149 , 159 , 233 , 266 , 311 , 327 , 381 , 340 , 400 , 405 , 428 , 399 , 397 , 364 , 373 , 357 , 346 , 355 , 336 , 348 , 367 , 349 , 354 , 347 , 380 , 386 , 385 , 386 , 446 , 398 , 425 , 447 , 436 , 432 , 475 , 490 , 488 , 504 , 522 , 514 , 540 , 551 , 523 , 570 , 638 , 615 , 644 , 617 , 616 , 644 , 698 , 740 , 691 , 736 , 739 , 774 , 847 , 852 , 932 , 928 , 921 ," 1,149 "," 1,053 ", 992 , 993 ," 1,089 "," 1,211 ", 983 ," 1,024 "," 1,064 "," 1,058 "," 1,075 ", 884 , 896 , 941 , 840 , 864 , 770 , 633 , 570 , 504 , 539 , 346 , 251 , 361 , 350 , - , - , - , - , - , - , - , - , - , - , - , - , - , - , - , - , - , - , - , - , - , 49 ,,,
2006,"54,225", 668 , 331 , 184 , 174 , 155 , 138 , 132 , 110 , 111 , 114 , 126 , 128 , 141 , 167 , 188 , 195 , 256 , 294 , 300 , 346 , 377 , 409 , 406 , 384 , 378 , 393 , 394 , 347 , 346 , 362 , 352 , 363 , 362 , 358 , 361 , 353 , 350 , 377 , 372 , 401 , 333 , 427 , 386 , 382 , 430 , 457 , 386 , 482 , 445 , 520 , 519 , 522 , 565 , 532 , 529 , 540 , 610 , 608 , 611 , 657 , 646 , 648 , 621 , 691 , 742 , 801 , 790 , 763 , 816 , 910 , 904 , 873 , 948 , 958 ," 1,091 "," 1,121 "," 1,041 "," 1,050 ", 989 ," 1,170 "," 1,078 "," 1,073 "," 1,108 "," 1,080 "," 1,182 "," 1,002 ", 889 , 980 , 926 , 934 , 799 , 709 , 570 , 502 , 532 , 424 , 318 , 421 , 383 , - , - , - , - , - , - , - , - , - , - , - , - , - , - , - , - , - , - , - , - , - , 98 ,,,
2007,"54,487", 592 , 323 , 206 , 157 , 141 , 118 , 132 , 113 , 92 , 105 , 117 , 127 , 145 , 153 , 194 , 194 , 236 , 283 , 323 , 345 , 359 , 397 , 412 , 406 , 414 , 410 , 413 , 390 , 402 , 348 , 351 , 327 , 361 , 360 , 345 , 367 , 340 , 362 , 331 , 360 , 384 , 373 , 375 , 437 , 452 , 433 , 465 , 448 , 475 , 486 , 485 , 527 , 509 , 551 , 558 , 620 , 603 , 612 , 642 , 653 , 640 , 691 , 655 , 659 , 707 , 701 , 820 , 736 , 805 , 911 , 907 , 919 , 929 ," 1,008 "," 1,045 "," 1,101 "," 1,140 "," 1,195 "," 1,091 "," 1,107 "," 1,148 "," 1,146 "," 1,125 "," 1,125 "," 1,196 "," 1,088 ", 936 , 858 , 887 , 889 , 779 , 724 , 618 , 520 , 470 , 406 , 343 , 362 , 366 , - , - , - , - , - , - , - , - , - , - , - , - , - , - , - , - , - , - , - , - , - , 95 ,,,
2008,"56,643", 576 , 321 , 202 , 165 , 144 , 116 , 124 , 118 , 108 , 98 , 87 , 161 , 131 , 162 , 205 , 259 , 274 , 270 , 325 , 378 , 358 , 409 , 406 , 395 , 427 , 392 , 423 , 447 , 415 , 428 , 377 , 342 , 340 , 391 , 387 , 323 , 365 , 395 , 360 , 370 , 365 , 416 , 405 , 412 , 428 , 445 , 424 , 480 , 463 , 533 , 525 , 523 , 549 , 608 , 596 , 551 , 643 , 615 , 640 , 661 , 700 , 726 , 710 , 712 , 696 , 759 , 784 , 849 , 801 , 895 , 918 , 968 , 956 , 997 ," 1,057 "," 1,115 "," 1,178 "," 1,198 "," 1,143 "," 1,214 "," 1,105 "," 1,159 "," 1,207 "," 1,120 "," 1,181 "," 1,121 "," 1,128 "," 1,047 ", 943 , 957 , 833 , 774 , 670 , 586 , 451 , 351 , 394 , 564 , 342 , - , - , - , - , - , - , - , - , - , - , - , - , - , - , - , - , - , - , - , - , - , 78 ,,,
2009,"56,435", 496 , 324 , 208 , 159 , 140 , 141 , 110 , 97 , 132 , 104 , 113 , 115 , 102 , 161 , 182 , 234 , 263 , 283 , 326 , 363 , 370 , 379 , 385 , 436 , 379 , 406 , 436 , 437 , 428 , 416 , 405 , 303 , 369 , 365 , 373 , 356 , 395 , 354 , 350 , 343 , 354 , 421 , 400 , 418 , 445 , 444 , 438 , 469 , 511 , 528 , 521 , 553 , 567 , 620 , 610 , 555 , 590 , 598 , 681 , 691 , 650 , 729 , 763 , 753 , 714 , 730 , 788 , 806 , 882 , 861 , 870 , 923 , 958 ," 1,033 "," 1,068 "," 1,010 "," 1,079 "," 1,151 "," 1,179 "," 1,302 "," 1,138 "," 1,113 "," 1,212 "," 1,140 "," 1,136 "," 1,082 "," 1,138 "," 1,052 ", 912 , 878 , 858 , 758 , 666 , 612 , 511 , 402 , 358 , 598 , 388 , - , - , - , - , - , - , - , - , - , - , - , - , - , - , - , - , - , - , - , - , - , 82 ,,,
2010,"58,477", 485 , 297 , 193 , 154 , 117 , 113 , 111 , 97 , 102 , 100 , 113 , 115 , 115 , 166 , 184 , 224 , 299 , 307 , 339 , 383 , 401 , 380 , 417 , 364 , 408 , 403 , 396 , 391 , 398 , 398 , 412 , 393 , 394 , 332 , 338 , 348 , 335 , 369 , 350 , 400 , 421 , 385 , 388 , 424 , 419 , 434 , 459 , 455 , 485 , 502 , 508 , 553 , 519 , 580 , 595 , 633 , 661 , 605 , 658 , 675 , 676 , 751 , 775 , 710 , 773 , 769 , 784 , 845 , 855 , 952 , 899 , 969 ," 1,066 "," 1,056 "," 1,173 "," 1,054 "," 1,190 "," 1,177 "," 1,291 "," 1,293 "," 1,312 "," 1,264 "," 1,213 "," 1,262 "," 1,297 "," 1,144 "," 1,157 "," 1,163 "," 1,077 ", 947 , 845 , 865 , 778 , 640 , 589 , 438 , 330 , 709 , 300 , - , - , - , - , - , - , - , - , - , - , - , - , - , - , - , - , - , - , - , - , - , 89 ,,,
2011,"59,258", 477 , 269 , 186 , 144 , 128 , 98 , 99 , 99 , 113 , 100 , 94 , 117 , 98 , 151 , 166 , 246 , 296 , 311 , 315 , 338 , 355 , 359 , 380 , 390 , 356 , 408 , 408 , 397 , 422 , 408 , 340 , 415 , 363 , 383 , 330 , 352 , 353 , 327 , 332 , 372 , 404 , 400 , 375 , 374 , 429 , 421 , 471 , 485 , 464 , 457 , 546 , 518 , 571 , 606 , 580 , 630 , 619 , 632 , 665 , 658 , 690 , 715 , 773 , 778 , 805 , 778 , 853 , 867 , 835 , 889 ," 1,001 ", 979 , 966 ," 1,068 "," 1,139 "," 1,172 "," 1,116 "," 1,236 "," 1,287 "," 1,375 "," 1,373 "," 1,378 "," 1,274 "," 1,238 "," 1,300 "," 1,278 "," 1,211 "," 1,202 "," 1,157 "," 1,146 ", 941 , 816 , 749 , 683 , 597 , 480 , 415 , 607 , 374 , - , - , - , - , - , - , - , - , - , - , - , - , - , - , - , - , - , - , - , - , - , 117 ,,,
2012,"60,509", 452 , 234 , 174 , 134 , 124 , 105 , 101 , 95 , 97 , 85 , 111 , 118 , 126 , 138 , 184 , 248 , 259 , 304 , 327 , 340 , 367 , 341 , 336 , 391 , 381 , 371 , 364 , 386 , 362 , 382 , 348 , 338 , 384 , 355 , 313 , 350 , 296 , 356 , 321 , 306 , 385 , 372 , 351 , 419 , 366 , 448 , 446 , 430 , 477 , 488 , 532 , 571 , 535 , 581 , 623 , 550 , 701 , 687 , 676 , 695 , 751 , 794 , 755 , 808 , 831 , 861 , 883 , 834 , 883 , 940 , 991 ," 1,010 "," 1,046 "," 1,134 "," 1,162 "," 1,206 "," 1,234 "," 1,204 "," 1,261 "," 1,380 "," 1,373 "," 1,454 "," 1,403 "," 1,411 "," 1,292 "," 1,397 "," 1,314 "," 1,275 "," 1,234 "," 1,128 "," 1,045 ", 878 , 796 , 654 , 599 , 566 , 405 , 810 , 320 , - , - , - , - , - , - , - , - , - , - , - , - , - , - , - , - , - , - , - , - , - , 50 ,,,
2013,"61,227", 448 , 261 , 171 , 145 , 111 , 111 , 86 , 74 , 89 , 96 , 99 , 104 , 138 , 151 , 179 , 216 , 272 , 278 , 294 , 305 , 303 , 340 , 358 , 341 , 358 , 339 , 336 , 360 , 350 , 379 , 334 , 339 , 392 , 340 , 348 , 327 , 333 , 327 , 356 , 326 , 370 , 338 , 355 , 390 , 404 , 419 , 389 , 449 , 488 , 524 , 479 , 502 , 549 , 590 , 584 , 645 , 627 , 735 , 723 , 743 , 731 , 758 , 799 , 820 , 838 , 893 , 888 , 925 , 949 , 976 , 955 ," 1,075 "," 1,083 "," 1,085 "," 1,218 "," 1,217 "," 1,266 "," 1,295 "," 1,327 "," 1,341 "," 1,363 "," 1,425 "," 1,485 "," 1,478 "," 1,409 "," 1,378 "," 1,312 "," 1,341 "," 1,288 "," 1,161 "," 1,073 ", 932 , 821 , 677 , 618 , 551 , 396 , 380 , 267 , 169 , 118 , 88 , 68 , 40 , 24 , 16 , 12 , 6 , 5 , 2 , 2 , 7 , 3 , - , 1 , - , - , 1 , - , 1 , 53 ,,,
2014,"60,926", 347 , 229 , 153 , 127 , 94 , 108 , 94 , 81 , 76 , 81 , 109 , 98 , 111 , 160 , 144 , 175 , 230 , 264 , 309 , 343 , 317 , 336 , 312 , 312 , 347 , 342 , 300 , 339 , 323 , 335 , 295 , 347 , 299 , 360 , 339 , 350 , 324 , 328 , 298 , 340 , 353 , 342 , 377 , 380 , 383 , 376 , 441 , 466 , 477 , 483 , 545 , 503 , 549 , 588 , 620 , 614 , 628 , 699 , 694 , 724 , 791 , 773 , 877 , 811 , 816 , 893 , 910 , 935 , 928 , 956 , 958 ," 1,059 "," 1,076 "," 1,142 "," 1,143 "," 1,104 "," 1,255 "," 1,209 "," 1,272 "," 1,341 "," 1,378 "," 1,425 "," 1,537 "," 1,516 "," 1,447 "," 1,366 "," 1,313 "," 1,343 "," 1,312 "," 1,290 "," 1,109 "," 1,048 ", 884 , 707 , 571 , 523 , 430 , 379 , 266 , 211 , 146 , 107 , 84 , 51 , 33 , 21 , 11 , 9 , 7 , 5 , 1 , - , 2 , 4 , - , - , - , - , - , - , 23 ,,,
2015,"62,380", 361 , 211 , 145 , 115 , 112 , 97 , 68 , 94 , 80 , 89 , 94 , 101 , 115 , 141 , 151 , 178 , 224 , 285 , 292 , 317 , 337 , 305 , 300 , 343 , 321 , 333 , 332 , 327 , 285 , 283 , 290 , 312 , 340 , 332 , 333 , 334 , 338 , 330 , 332 , 344 , 349 , 323 , 336 , 395 , 370 , 365 , 421 , 447 , 427 , 484 , 486 , 535 , 540 , 583 , 592 , 595 , 656 , 739 , 700 , 786 , 761 , 843 , 831 , 891 , 902 , 909 , 903 , 976 ," 1,032 ", 997 ," 1,042 "," 1,040 "," 1,060 "," 1,194 "," 1,226 "," 1,229 "," 1,261 "," 1,331 "," 1,413 "," 1,371 "," 1,461 "," 1,421 "," 1,338 "," 1,574 "," 1,534 "," 1,583 "," 1,488 "," 1,323 "," 1,270 "," 1,238 "," 1,098 "," 1,036 "," 1,033 ", 884 , 659 , 503 , 460 , 393 , 281 , 236 , 176 , 116 , 61 , 50 , 45 , 16 , 8 , 6 , 9 , 5 , - , 2 , 3 , 2 , 1 , 1 , - , - , - , - , 4 ,,,
2016,"65,226", 320 , 206 , 161 , 133 , 127 , 98 , 86 , 107 , 101 , 87 , 83 , 99 , 122 , 132 , 161 , 221 , 247 , 224 , 281 , 307 , 316 , 303 , 309 , 310 , 284 , 307 , 326 , 304 , 325 , 323 , 349 , 356 , 324 , 340 , 353 , 337 , 369 , 337 , 360 , 343 , 373 , 390 , 364 , 362 , 432 , 381 , 444 , 431 , 503 , 525 , 574 , 540 , 619 , 597 , 638 , 658 , 705 , 775 , 769 , 805 , 882 , 904 , 920 , 915 , 926 ," 1,006 ", 973 ," 1,005 "," 1,091 "," 1,091 "," 1,075 "," 1,102 "," 1,159 "," 1,186 "," 1,193 "," 1,286 "," 1,260 "," 1,355 "," 1,370 "," 1,434 "," 1,475 "," 1,514 "," 1,498 "," 1,567 "," 1,560 "," 1,635 "," 1,604 "," 1,431 "," 1,286 "," 1,293 "," 1,216 "," 1,156 ", 975 , 918 , 759 , 536 , 455 , 387 , 303 , 242 , 171 , 116 , 73 , 51 , 37 , 13 , 16 , 6 , 10 , 6 , 3 , 1 , - , 2 , 4 , - , - , - , - , - , 11 ,,,
2017,"66,846", 312 , 177 , 141 , 94 , 95 , 101 , 68 , 80 , 80 , 75 , 77 , 88 , 137 , 138 , 172 , 200 , 216 , 249 , 259 , 294 , 291 , 308 , 342 , 341 , 316 , 307 , 337 , 330 , 318 , 300 , 343 , 308 , 321 , 324 , 332 , 342 , 350 , 364 , 331 , 313 , 326 , 353 , 359 , 403 , 397 , 440 , 435 , 468 , 450 , 489 , 550 , 564 , 578 , 631 , 648 , 655 , 742 , 758 , 796 , 807 , 838 , 845 , 925 , 957 , 932 , 980 , 964 ," 1,104 "," 1,109 "," 1,132 "," 1,179 "," 1,187 "," 1,209 "," 1,199 "," 1,250 "," 1,249 "," 1,409 "," 1,408 "," 1,450 "," 1,372 "," 1,524 "," 1,567 "," 1,594 "," 1,630 "," 1,628 "," 1,680 "," 1,670 "," 1,572 "," 1,376 "," 1,367 "," 1,281 "," 1,257 "," 1,027 ", 946 , 836 , 672 , 524 , 401 , 318 , 243 , 190 , 136 , 96 , 52 , 38 , 24 , 19 , 9 , 2 , 6 , 2 , - , 1 , 1 , 1 , 2 , 4 , - , - , - , 32 ,,,
2018,"68,591", 336 , 178 , 107 , 98 , 90 , 97 , 97 , 78 , 70 , 71 , 96 , 103 , 97 , 156 , 154 , 195 , 243 , 262 , 278 , 287 , 315 , 317 , 319 , 333 , 330 , 348 , 307 , 335 , 301 , 332 , 305 , 323 , 338 , 324 , 370 , 342 , 337 , 369 , 409 , 346 , 382 , 373 , 385 , 408 , 413 , 458 , 443 , 456 , 522 , 519 , 529 , 569 , 629 , 641 , 700 , 724 , 739 , 758 , 831 , 815 , 901 , 935 , 935 , 972 ," 1,018 ", 991 ," 1,083 "," 1,038 "," 1,108 "," 1,165 "," 1,196 "," 1,176 "," 1,207 "," 1,246 "," 1,296 "," 1,354 "," 1,381 "," 1,439 "," 1,418 "," 1,515 "," 1,546 "," 1,580 "," 1,508 "," 1,670 "," 1,604 "," 1,626 "," 1,680 "," 1,640 "," 1,550 "," 1,321 "," 1,319 "," 1,244 "," 1,106 ", 944 , 852 , 663 , 607 , 434 , 369 , 272 , 176 , 132 , 93 , 58 , 39 , 29 , 25 , 8 , 7 , 2 , 4 , 1 , 1 , 1 , - , - , - , 3 , - , - , 16 ,,,
2019,"71,042", 320 , 183 , 115 , 112 , 71 , 75 , 73 , 84 , 85 , 71 , 90 , 80 , 116 , 111 , 140 , 171 , 225 , 247 , 306 , 346 , 293 , 348 , 356 , 345 , 369 , 357 , 358 , 337 , 360 , 359 , 360 , 345 , 365 , 360 , 356 , 371 , 373 , 381 , 371 , 394 , 397 , 432 , 381 , 412 , 444 , 451 , 453 , 509 , 514 , 546 , 533 , 576 , 616 , 622 , 700 , 709 , 790 , 739 , 889 , 870 , 904 , 876 , 975 ," 1,024 "," 1,033 "," 1,075 "," 1,072 "," 1,161 "," 1,202 "," 1,143 "," 1,241 "," 1,266 "," 1,230 "," 1,360 "," 1,332 "," 1,333 "," 1,329 "," 1,416 "," 1,473 "," 1,559 "," 1,545 "," 1,612 "," 1,778 "," 1,638 "," 1,747 "," 1,754 "," 1,637 "," 1,646 "," 1,624 "," 1,635 "," 1,382 "," 1,240 "," 1,132 "," 1,022 ", 879 , 740 , 580 , 447 , 365 , 248 , 186 , 129 , 88 , 60 , 32 , 20 , 21 , 14 , 4 , 2 , 3 , 1 , 3 , - , 1 , - , - , 2 , 1 , - , 58 ,,,
2020,"114,599", 274 , 143 , 98 , 99 , 81 , 67 , 66 , 82 , 91 , 75 , 76 , 84 , 103 , 111 , 138 , 172 , 198 , 251 , 263 , 331 , 311 , 352 , 349 , 373 , 357 , 374 , 396 , 393 , 370 , 414 , 390 , 449 , 416 , 417 , 462 , 422 , 509 , 510 , 531 , 606 , 576 , 616 , 617 , 641 , 647 , 723 , 749 , 795 , 879 , 916 , 957 ," 1,035 "," 1,062 "," 1,154 "," 1,298 "," 1,424 "," 1,487 "," 1,519 "," 1,709 "," 1,870 "," 1,887 "," 1,949 "," 2,015 "," 2,037 "," 2,302 "," 2,232 "," 2,315 "," 2,243 "," 2,449 "," 2,453 "," 2,285 "," 2,469 "," 2,553 "," 2,494 "," 2,593 "," 2,550 "," 2,510 "," 2,539 "," 2,478 "," 2,588 "," 2,650 "," 2,529 "," 2,496 "," 2,618 "," 2,498 "," 2,578 "," 2,451 "," 2,377 "," 2,240 "," 2,188 "," 1,892 "," 1,651 "," 1,345 "," 1,317 "," 1,180 ", 893 , 722 , 595 , 504 , 303 , 218 , 168 , 112 , 67 , 53 , 33 , 17 , 10 , 8 , 10 , 4 , 1 , 3 , 3 , - , 2 , 1 , - , 3 , - , 40 ,,,
2021 (p**),"102,593", 265 , 141 , 107 , 83 , 64 , 89 , 77 , 71 , 102 , 71 , 100 , 97 , 134 , 130 , 146 , 187 , 222 , 275 , 292 , 399 , 425 , 399 , 395 , 433 , 464 , 467 , 477 , 445 , 439 , 497 , 453 , 510 , 509 , 472 , 484 , 489 , 515 , 552 , 569 , 550 , 544 , 649 , 637 , 665 , 659 , 668 , 698 , 783 , 836 , 857 , 891 , 971 ," 1,031 "," 1,049 "," 1,126 "," 1,227 "," 1,302 "," 1,365 "," 1,419 "," 1,499 "," 1,661 "," 1,588 "," 1,733 "," 1,780 "," 1,837 "," 1,952 "," 1,913 "," 1,941 "," 1,951 "," 2,080 "," 1,990 "," 1,960 "," 2,104 "," 2,189 "," 2,143 "," 2,095 "," 2,126 "," 2,130 "," 2,114 "," 2,103 "," 2,249 "," 2,204 "," 2,157 "," 2,152 "," 2,297 "," 2,123 "," 2,108 "," 2,044 "," 1,948 "," 1,964 "," 1,801 "," 1,686 "," 1,313 "," 1,159 "," 1,025 ", 907 , 684 , 539 , 436 , 302 , 174 , 132 , 120 , 72 , 41 , 27 , 23 , 10 , 8 , 7 , 1 , 1 , 1 , - , 1 , 1 , - , 1 , - , 5 , 8 ,,,
"1/ Defunciones registrados en el año (t+1):  corresponden a las defunciones generales ocurridas en el año de estudio, e inscritos hasta el 31 de diciembre del año siguiente. Cabe mencionar que se ha realizado el ajuste desde el año 2013. ",,,,,,,,,,,,,,,,,,,,,,,,,,,,,,,,,,,,,,,,,,,,,,,,,,,,,,,,,,,,,,,,,,,,,,,,,,,,,,,,,,,,,,,,,,,,,,,,,,,,,,,,,,,,,,,,,,,,,,,,,,,,,
"p**) cifras provisionales: corresponden a los datos o indicadores que se generan con información de las defunciones generales ocurridas en el 2021, y que están sujetos a ajustes por registros posteriores.",,,,,,,,,,,,,,,,,,,,,,,,,,,,,,,,,,,,,,,,,,,,,,,,,,,,,,,,,,,,,,,,,,,,,,,,,,,,,,,,,,,,,,,,,,,,,,,,,,,,,,,,,,,,,,,,,,,,,,,,,,,,,
"Fuente: Registro estadístico de defunciones generales, años 1990-2021.",,,,,,,,,,,,,,,,,,,,,,,,,,,,,,,,,,,,,,,,,,,,,,,,,,,,,,,,,,,,,,,,,,,,,,,,,,,,,,,,,,,,,,,,,,,,,,,,,,,,,,,,,,,,,,,,,,,,,,,,,,,,,
,,,,,,,,,,,,,,,,,,,,,,,,,,,,,,,,,,,,,,,,,,,,,,,,,,,,,,,,,,,,,,,,,,,,,,,,,,,,,,,,,,,,,,,,,,,,,,,,,,,,,,,,,,,,,,,,,,,,,,,,,,,,,
,,,,,,,,,,,,,,,,,,,,,,,,,,,,,,,,,,,,,,,,,,,,,,,,,,,,,,,,,,,,,,,,,,,,,,,,,,,,,,,,,,,,,,,,,,,,,,,,,,,,,,,,,,,,,,,,,,,,,,,,,,,,,
,,,,,,,,,,,,,,,,,,,,,,,,,,,,,,,,,,,,,,,,,,,,,,,,,,,,,,,,,,,,,,,,,,,,,,,,,,,,,,,,,,,,,,,,,,,,,,,,,,,,,,,,,,,,,,,,,,,,,,,,,,,,,
